<keymap version="1" name="Eclipse (macOS) copy" parent="Eclipse (Mac OS X)">
  <action id="CallHierarchy">
    <keyboard-shortcut first-keystroke="ctrl meta h" />
  </action>
  <action id="ChangesView.Move" />
  <action id="ChangesView.SetDefault" />
  <action id="CheckinFiles">
    <keyboard-shortcut first-keystroke="meta g" second-keystroke="c" />
    <keyboard-shortcut first-keystroke="meta g" second-keystroke="m" />
  </action>
  <action id="CompileDirty">
    <keyboard-shortcut first-keystroke="meta b" second-keystroke="p" />
    <keyboard-shortcut first-keystroke="meta b" second-keystroke="a" />
  </action>
  <action id="DebugClass">
    <keyboard-shortcut first-keystroke="shift ctrl d" />
    <keyboard-shortcut first-keystroke="shift meta x" second-keystroke="d" />
  </action>
  <action id="Diff.ApplyLeftSide" />
  <action id="Diff.ApplyRightSide" />
  <action id="EditSource">
    <keyboard-shortcut first-keystroke="f3" />
    <mouse-shortcut keystroke="meta button1" />
  </action>
  <action id="EditorCreateRectangularSelectionOnMouseDrag">
    <mouse-shortcut keystroke="button2" />
  </action>
  <action id="EditorLookupDown" />
  <action id="EditorLookupUp" />
  <action id="EditorToggleCase" />
  <action id="Find">
    <keyboard-shortcut first-keystroke="meta f" />
  </action>
  <action id="FindUsages">
    <keyboard-shortcut first-keystroke="ctrl meta u" />
  </action>
  <action id="Git.Branches">
    <keyboard-shortcut first-keystroke="meta g" second-keystroke="b" />
  </action>
  <action id="Git.CreateNewBranch">
    <keyboard-shortcut first-keystroke="shift meta g" second-keystroke="b" />
  </action>
  <action id="Git.Fetch">
    <keyboard-shortcut first-keystroke="meta g" second-keystroke="f" />
  </action>
  <action id="Git.Pull">
    <keyboard-shortcut first-keystroke="meta g" second-keystroke="p" />
  </action>
  <action id="GotoDeclaration">
    <keyboard-shortcut first-keystroke="f3" />
    <mouse-shortcut keystroke="alt button1" />
  </action>
  <action id="GotoImplementation">
    <mouse-shortcut keystroke="shift meta button1" />
  </action>
  <action id="MakeModule">
    <keyboard-shortcut first-keystroke="meta b" second-keystroke="m" />
  </action>
  <action id="Maven.ExecuteGoal">
    <keyboard-shortcut first-keystroke="shift meta x" second-keystroke="m" />
  </action>
  <action id="MavenHelper.CreateCustomGoalAction">
    <keyboard-shortcut first-keystroke="shift meta x" second-keystroke="m" />
  </action>
  <action id="NextDiff">
    <keyboard-shortcut first-keystroke="meta 2" />
  </action>
  <action id="PreviousDiff">
    <keyboard-shortcut first-keystroke="shift f7" />
    <keyboard-shortcut first-keystroke="meta 1" />
  </action>
  <action id="QuickEvaluateExpression">
    <keyboard-shortcut first-keystroke="meta alt f8" />
  </action>
  <action id="RenameElement">
    <keyboard-shortcut first-keystroke="shift f6" />
    <keyboard-shortcut first-keystroke="meta alt r" />
  </action>
  <action id="RunClass">
    <keyboard-shortcut first-keystroke="shift ctrl r" />
    <keyboard-shortcut first-keystroke="shift meta x" second-keystroke="t" />
    <keyboard-shortcut first-keystroke="shift meta x" second-keystroke="j" />
  </action>
  <action id="Vcs.MoveChangedLinesToChangelist" />
  <action id="Vcs.Push">
    <keyboard-shortcut first-keystroke="shift meta k" />
    <keyboard-shortcut first-keystroke="shift meta g" second-keystroke="p" />
  </action>
</keymap>